Country,State / Province,City / Region,Tourist Place,Category,Subcategory,Best Season,UNESCO,Description
Afghanistan,Bamyan,Bamyan,Bamyan Valley,Valley,"Mountains, Cultural","Apr–Jun, Sep–Oct",Yes,"Bamyan Valley is renowned for its dramatic sandstone cliffs, ancient cave complexes, and rich Buddhist heritage. Although the famous giant Buddha statues were destroyed, the valley remains one of Afghanistan's most important historical and scenic destinations."
Afghanistan,Bamyan,Bamyan,Band-e-Amir National Park,National Park,"Lakes, Mountains",May–Sep,No,"Afghanistan's first national park, Band-e-Amir is famous for six deep-blue lakes separated by natural travertine dams. The striking contrast between turquoise water and rugged mountains makes it the country's premier natural attraction."
Afghanistan,Kabul,Kabul,Gardens of Babur,Garden,Historic Garden,Mar–May,No,"Built in the 16th century by Emperor Babur, these terraced gardens offer peaceful landscapes, historical architecture, and panoramic views over Kabul. It is one of the city's most significant cultural landmarks."
Afghanistan,Kabul,Kabul,Darul Aman Palace,Monument,Palace,Mar–May,No,Darul Aman Palace is a restored early-20th-century royal palace symbolising Afghanistan's modern history. Its grand European-inspired architecture attracts visitors interested in history and heritage.
Afghanistan,Herat,Herat,Herat Citadel,Monument,Fort,Apr–Jun,Tentative,"Also known as the Citadel of Alexander, this ancient fortress has stood for centuries overlooking Herat. It showcases Persian, Timurid, and Islamic architectural influences."
Afghanistan,Herat,Herat,Friday Mosque (Jami Mosque),Religious Site,Mosque,Year-round,No,"One of Central Asia's finest mosques, the Friday Mosque is celebrated for its intricate blue-tiled façades, elegant courtyards, and centuries of Islamic architecture."
Afghanistan,Badakhshan,Wakhan,Wakhan Corridor,Mountain,"Valley, Trekking",Jun–Sep,No,"The Wakhan Corridor is a remote mountain region bordered by the Pamirs and the Hindu Kush. Visitors experience pristine alpine scenery, glaciers, traditional villages, and exceptional trekking routes."
Afghanistan,Badakhshan,Fayzabad,Noshaq Peak,Mountain,Peak,Jun–Aug,No,"Noshaq is Afghanistan's highest mountain at over 7,400 metres. It attracts experienced climbers seeking challenging expeditions in the Hindu Kush range."
Afghanistan,Parwan,Charikar,Salang Pass,Mountain,Scenic Drive,Jun–Sep,No,Salang Pass connects northern and southern Afghanistan through spectacular mountain landscapes. The route offers breathtaking alpine scenery and engineering landmarks.
Afghanistan,Balkh,Balkh,Ancient City of Balkh,Archaeological Site,Historic City,Apr–Jun,Tentative,"Often called the ""Mother of Cities,"" Balkh has been an important centre of civilisation for over 2,000 years. Ancient ruins, mosques, and fortifications reflect its rich cultural legacy."
,,,,,,,,
Albania,Berat County,Berat,Berat Old Town (Mangalem & Gorica),Historic Town,"Architecture, Culture",Apr–Oct,Yes,"Known as the “City of a Thousand Windows,” Berat is famous for Ottoman-era houses, stone streets, and hillside neighbourhoods. The town reflects centuries of coexistence between different cultures and religions."
Albania,Berat County,Berat,Berat Castle (Kalaja e Beratit),Monument,Fortress,Apr–Oct,Yes,"This ancient hilltop fortress dates back to antiquity and contains churches, historic houses, and viewpoints overlooking the Osum River valley. It remains one of Albania’s best-preserved castles."
Albania,Gjirokastër County,Gjirokastër,Gjirokastër Old Town,Historic Town,Ottoman Architecture,Apr–Oct,Yes,"Gjirokastër is a UNESCO-listed stone city known for its Ottoman houses, cobbled streets, and dramatic mountain setting. It is one of Albania’s most atmospheric heritage destinations."
Albania,Gjirokastër County,Gjirokastër,Gjirokastër Castle,Monument,Fortress,Apr–Oct,Yes,"One of the largest castles in the Balkans, this fortress offers panoramic views over the Drino Valley. It contains museums, old military structures, and cultural exhibits."
Albania,Vlorë County,Sarandë,Ksamil Islands,Beach,"Island, Sea",Jun–Sep,No,"Ksamil is famous for turquoise waters, small islands, white beaches, and Mediterranean scenery. It is considered one of Albania’s most beautiful coastal destinations."
Albania,Vlorë County,Sarandë,Blue Eye (Syri i Kaltër),Natural Wonder,"Spring, Forest",May–Oct,No,The Blue Eye is a deep natural spring with incredibly clear blue water surrounded by lush vegetation. Its unusual colour and mysterious depth make it one of Albania’s most visited natural attractions.
Albania,Vlorë County,Vlorë,Albanian Riviera,Coast,"Beach, Scenic Drive",May–Oct,No,"The Albanian Riviera stretches along the Ionian Sea with dramatic mountains, hidden beaches, and charming coastal villages. Popular stops include Himarë, Dhërmi, and Borsh."
Albania,Shkodër County,Shkodër,Lake Shkodër,Lake,"Nature, Wildlife",Apr–Oct,No,"Lake Shkodër is the largest lake in Southern Europe and is surrounded by mountains, wetlands, and fishing villages. It is ideal for boating, birdwatching, and nature exploration."
Albania,Shkodër County,Shkodër,Rozafa Castle,Monument,Fortress,Mar–Oct,No,Rozafa Castle sits on a rocky hill overlooking Shkodër and the meeting point of three rivers. The fortress offers spectacular views and carries centuries of legends and history.
Albania,Kukës County,Kukës,Valbona Valley National Park,National Park,"Mountains, Forest",Jun–Sep,No,"Located in the Albanian Alps, Valbona Valley features dramatic peaks, forests, rivers, and hiking trails. It is one of the country's top destinations for mountain adventures."
Albania,Shkodër County,Theth,Theth National Park,National Park,"Mountains, Waterfalls",Jun–Sep,No,"Theth is a remote alpine village surrounded by rugged peaks and traditional stone houses. Highlights include hiking trails, waterfalls, and the famous Blue Eye of Theth."
Albania,Korçë County,Korçë,Dardha Village,Mountain,"Village, Ski Area",Dec–Mar / Jun–Sep,No,"Dardha is a scenic mountain village known for forests, traditional architecture, and winter activities. It is a popular getaway for nature lovers."
Albania,Korçë County,Pogradec,Lake Ohrid,Lake,"UNESCO, Nature",May–Sep,Yes,"Lake Ohrid is one of Europe’s oldest and deepest lakes, shared with North Macedonia. Its clear waters, biodiversity, and lakeside towns make it a major attraction."
Albania,Durrës County,Durrës,Durrës Amphitheatre,Monument,Roman Ruins,Apr–Oct,No,"Built during the Roman period, the Durrës Amphitheatre is one of the largest ancient arenas in the Balkans. It provides insight into Albania’s Roman heritage."
Albania,Tirana County,Tirana,Dajti Mountain National Park,Mountain,"Forest, Adventure",Apr–Oct,No,"Dajti Mountain rises above Tirana and offers forests, cable car rides, hiking trails, and panoramic city views. It is the capital’s most popular natural escape."
Albania,Tirana County,Tirana,Skanderbeg Square,Monument,City Landmark,Year-round,No,"The central square of Tirana is surrounded by important landmarks including museums, government buildings, and cultural sites. It represents Albania’s national identity and history."
,,,,,,,,
Algeria,Algiers Province,Algiers,Casbah of Algiers,Historic Site,"Old City, Architecture","Mar–May, Sep–Nov",Yes,"The Casbah is a historic Mediterranean hillside district with narrow streets, Ottoman-era houses, mosques, and traditional markets. It represents centuries of Algerian and Ottoman heritage."
Algeria,Algiers Province,Algiers,Notre Dame d'Afrique,Monument,"Basilica, Religious Site",Year-round,No,"This 19th-century basilica overlooks the Mediterranean Sea from a hilltop location. It is admired for its architecture, religious significance, and panoramic views of Algiers."
Algeria,Algiers Province,Algiers,Jardin d'Essai du Hamma,Park,Botanical Garden,Mar–May,No,"One of Africa’s finest botanical gardens, featuring rare plants, palm-lined paths, and landscaped gardens. It provides a peaceful green escape in the capital city."
Algeria,Tlemcen Province,Tlemcen,Tlemcen National Park,National Park,"Forest, Mountain",Apr–Oct,No,"This park protects forests, limestone landscapes, and mountain ecosystems near Tlemcen. Visitors enjoy hiking, caves, and scenic viewpoints."
Algeria,Tlemcen Province,Tlemcen,Mansourah Ruins,Monument,Archaeological Site,Mar–May,No,The ruins of Mansourah include remnants of a medieval city built during the Marinid period. The famous minaret reflects the region’s Islamic architectural heritage.
Algeria,Batna Province,Batna,Timgad Roman Ruins,Archaeological Site,Roman City,"Mar–May, Sep–Oct",Yes,"Timgad is one of the best-preserved Roman cities in North Africa. Its grid layout, theatre, temples, and arches showcase the grandeur of Roman urban planning."
Algeria,Batna Province,Batna,Djémila Roman Ruins,Archaeological Site,Roman Architecture,"Mar–May, Sep–Oct",Yes,"Djémila is an ancient Roman mountain settlement known for temples, forums, basilicas, and beautifully preserved stone structures. It combines history with spectacular mountain scenery."
Algeria,Constantine Province,Constantine,Constantine City & Bridges,City Landmark,"Canyon, Bridges","Mar–May, Sep–Nov",No,"Known as the “City of Bridges,” Constantine sits above a dramatic canyon crossed by spectacular suspension bridges. Its location and architecture make it one of Algeria’s most scenic cities."
Algeria,Constantine Province,Constantine,Palace of Ahmed Bey,Monument,Palace,Year-round,No,"This historic palace features elaborate decorations, courtyards, and artwork reflecting Ottoman and Algerian traditions. It is one of Constantine’s major cultural attractions."
Algeria,Jijel Province,Jijel,Jijel Coast,Beach,"Sea, Cliffs",Jun–Sep,No,"Jijel is known for Mediterranean beaches, rocky cliffs, forests, and clear waters. It offers a quieter coastal experience with beautiful natural landscapes."
Algeria,Béjaïa Province,Béjaïa,Gouraya National Park,National Park,"Mountain, Forest, Sea",Apr–Oct,No,"Gouraya National Park combines mountains, forests, beaches, and coastal cliffs. It is famous for wildlife, hiking trails, and views over the Mediterranean."
Algeria,Béjaïa Province,Béjaïa,Cap Carbon,Coast,"Cliff, Lighthouse",Apr–Oct,No,Cap Carbon features one of the world’s highest natural sea cliffs with a historic lighthouse. The site provides breathtaking views of the Mediterranean coastline.
Algeria,Tamanrasset Province,Tamanrasset,Ahaggar National Park,National Park,"Desert, Mountains",Oct–Apr,No,"The Ahaggar Mountains are a vast desert wilderness featuring volcanic peaks, ancient rock formations, and Tuareg cultural heritage. It is one of the Sahara’s most spectacular landscapes."
Algeria,Illizi Province,Djanet,Tassili n'Ajjer National Park,National Park,"Desert, Rock Art",Oct–Apr,Yes,Tassili n’Ajjer is famous for surreal sandstone formations and thousands of prehistoric rock paintings. It is one of the world’s most important archaeological landscapes.
Algeria,Ghardaïa Province,Ghardaïa,M'zab Valley,Historic Valley,"Architecture, Culture",Oct–Apr,Yes,"The M’zab Valley is a UNESCO-listed desert region known for its unique fortified towns, traditional architecture, and preserved Berber culture."
Algeria,Adrar Province,Timimoun,Timimoun Oasis,Oasis,"Desert, Culture",Oct–Mar,No,"Timimoun is a beautiful Sahara oasis famous for red clay architecture, palm groves, and traditional desert landscapes."
Algeria,Oran Province,Oran,Fort Santa Cruz,Monument,Fortress,Mar–Nov,No,"Built on a hill overlooking Oran Bay, Fort Santa Cruz offers historic architecture and sweeping views of the Mediterranean coastline."
Algeria,El Oued Province,El Oued,El Oued Sand Dunes,Desert,"Dunes, Oasis",Oct–Mar,No,"Known as the “City of a Thousand Domes,” El Oued is surrounded by golden Sahara dunes and traditional desert architecture."
,,,,,,,,
Andorra,Canillo Parish,Canillo,Grandvalira Ski Resort,Mountain,"Ski Resort, Adventure",Dec–Apr,No,"Grandvalira is one of the largest ski areas in the Pyrenees, offering excellent slopes, snow activities, and mountain scenery. In summer, the region becomes popular for hiking and outdoor adventures."
Andorra,Canillo Parish,Canillo,Sanctuary of Meritxell,Monument,Religious Site,Year-round,No,The Sanctuary of Meritxell is Andorra’s most important religious monument dedicated to its patron saint. Its modern architecture blends spiritual significance with dramatic mountain surroundings.
Andorra,Encamp Parish,Encamp,Lake Engolasters,Lake,"Mountain Lake, Nature",May–Oct,No,Lake Engolasters is a picturesque mountain lake surrounded by forests and hiking trails. It is one of the easiest natural escapes from Andorra la Vella.
Andorra,Encamp Parish,Encamp,Madriu-Perafita-Claror Valley,Natural Heritage,"Valley, Mountains",Jun–Sep,Yes,"This UNESCO-listed valley preserves a unique cultural landscape shaped by centuries of farming and mountain life. It features forests, rivers, stone paths, and traditional shelters."
Andorra,La Massana Parish,La Massana,Vallnord – Pal Arinsal,Mountain,"Ski Resort, Cycling",Dec–Apr / Jun–Sep,No,"Vallnord offers skiing in winter and mountain biking, hiking, and adventure sports during warmer months. The area provides spectacular views of the Pyrenees."
Andorra,La Massana Parish,La Massana,Comapedrosa Valley,Mountain,"Hiking, Nature Park",Jun–Sep,No,"The Comapedrosa Valley contains Andorra’s highest peak, Comapedrosa Peak, surrounded by alpine lakes, forests, and scenic hiking routes."
Andorra,Ordino Parish,Ordino,Ordino Village,Historic Town,"Culture, Architecture",Apr–Oct,No,"Ordino is a charming mountain village known for stone houses, traditional streets, museums, and preserved Pyrenean culture. It is considered one of Andorra’s most beautiful settlements."
Andorra,Ordino Parish,Ordino,Sorteny Valley Natural Park,Natural Park,"Forest, Flora, Mountains",May–Oct,No,"Sorteny Valley is famous for its rich alpine biodiversity, wildflowers, forests, and hiking trails. It is one of the best places in Andorra for nature lovers."
Andorra,Escaldes-Engordany Parish,Escaldes,Caldea Spa,Wellness Attraction,Thermal Spa,Year-round,No,"Caldea is a famous thermal spa complex featuring warm mineral waters, pools, and relaxation facilities. It combines wellness experiences with mountain views."
Andorra,Andorra la Vella Parish,Andorra la Vella,Casa de la Vall,Monument,Historic Building,Year-round,No,Casa de la Vall is a historic parliamentary building dating from the 16th century. It represents Andorra’s political heritage and traditional architecture.
Andorra,Andorra la Vella Parish,Andorra la Vella,Church of Sant Esteve,Religious Site,Romanesque Church,Year-round,No,This medieval church features Romanesque architecture and historic artwork. It is located in the old quarter of Andorra’s capital city.
Andorra,Sant Julià de Lòria Parish,Sant Julià de Lòria,Naturland,Adventure Park,"Forest, Activities",Year-round,No,"Naturland is an outdoor adventure park offering hiking, nature experiences, zip lines, and mountain activities in a forest environment."
Andorra,Sant Julià de Lòria Parish,Sant Julià de Lòria,Tobotronc Alpine Coaster,Adventure,Forest Ride,Year-round,No,"Tobotronc is one of the world’s longest alpine mountain coasters, passing through forest landscapes with views of the Pyrenees."
,,,,,,,,
Angola,Luanda Province,Luanda,Fortaleza de São Miguel,Monument,"Fortress, Museum",May–Oct,No,"Built by the Portuguese in the 16th century, this historic fortress overlooks Luanda Bay. It now houses the Museum of Military History and offers excellent views of the city and coastline."
Angola,Luanda Province,Luanda,Ilha do Cabo,Beach,"Island, Sea",May–Oct,No,"Ilha do Cabo is a popular coastal area near Luanda known for beaches, seafood restaurants, nightlife, and views of the Atlantic Ocean. It is one of Angola’s best-known seaside destinations."
Angola,Luanda Province,Luanda,Miradouro da Lua (Moon Viewpoint),Natural Wonder,"Cliffs, Coast",May–Oct,No,Miradouro da Lua features dramatic orange cliffs shaped by wind and erosion along the Atlantic coast. Its unusual landscape resembles a lunar surface and is a favourite photography location.
Angola,Bengo Province,Barra do Dande,Kissama National Park (Quiçama),National Park,"Wildlife, Forest",Jun–Oct,No,"Kissama is Angola’s most famous wildlife park, located near the Atlantic coast. It protects elephants, giraffes, antelopes, and many bird species in a restored savanna ecosystem."
Angola,Bengo Province,Muxima,Muxima Sanctuary,Religious Site,"Church, Heritage",Aug–Sep,No,The Muxima Sanctuary is one of Angola’s most important pilgrimage sites. The historic church and riverside setting make it a significant cultural and spiritual destination.
Angola,Namibe Province,Namibe,Iona National Park,National Park,"Desert, Wildlife",May–Oct,No,"Iona is one of Africa’s largest national parks, featuring vast desert landscapes, mountains, and unique wildlife adapted to harsh environments. It offers extraordinary adventure and safari experiences."
Angola,Namibe Province,Tômbwa,Welwitschia Mirabilis Fields,Natural Wonder,Desert Flora,May–Oct,No,"These desert areas are home to the ancient Welwitschia plant, one of the world’s most unusual species. The landscape combines rugged desert scenery with rare botanical wonders."
Angola,Namibe Province,Namibe,Serra da Leba Pass,Scenic Drive,Mountain Road,May–Oct,No,"Serra da Leba is one of Angola’s most spectacular mountain roads, famous for its winding curves and dramatic views across the surrounding valleys."
Angola,Huíla Province,Lubango,Tundavala Gap,Canyon,"Mountains, Viewpoint",May–Oct,No,"Tundavala Gap is a breathtaking canyon viewpoint located high above Lubango. It offers panoramic views over cliffs, valleys, and the vast Angolan landscape."
Angola,Huíla Province,Lubango,Christ the King Statue,Monument,Viewpoint,Year-round,No,"Inspired by the famous Christ statues of the world, this monument stands above Lubango and provides impressive views of the city and surrounding mountains."
Angola,Huíla Province,Lubango,Serra da Chela Mountains,Mountain,"Highlands, Nature",May–Oct,No,"The Serra da Chela mountain range features dramatic cliffs, plateaus, and scenic landscapes. It is one of Angola’s most beautiful highland regions."
Angola,Huambo Province,Huambo,Bie Plateau,Mountain,"Highlands, Nature",May–Oct,No,"The Bie Plateau is a highland region with forests, rivers, and rural landscapes. It is important for Angola’s geography and offers peaceful nature experiences."
Angola,Cuando Cubango Province,Menongue,Luiana Partial Reserve,Wildlife Area,"Forest, Safari",Jun–Oct,No,"Located in southeastern Angola, this reserve contains forests, rivers, and wildlife habitats connected to the Kavango-Zambezi ecosystem."
Angola,Cuando Cubango Province,Dirico,Okavango River Region,River,"Wetlands, Wildlife",Jun–Oct,No,The Angolan section of the Okavango River forms important wetlands and supports diverse ecosystems. It is an emerging destination for nature and wildlife tourism.
Angola,Zaire Province,M'banza-Kongo,Historic Centre of M'banza Kongo,Archaeological Site,Kingdom Heritage,May–Oct,Yes,M’banza-Kongo was the capital of the historic Kingdom of Kongo and contains important archaeological and cultural remains. It represents a major part of Central African history.
Angola,Cabinda Province,Cabinda,Maiombe Forest,Forest,Tropical Rainforest,May–Oct,No,"Maiombe Forest is one of Central Africa’s important rainforest areas, featuring rich biodiversity, rivers, and rare plant and animal species."
,,,,,,,,
Antigua and Barbuda,Antigua Island,St. John's,St. John's City,Historic City,"Culture, Shopping",Dec–Apr,No,"St. John's is the capital and main cultural centre of Antigua. It features colourful colonial buildings, markets, churches, museums, and easy access to nearby beaches."
Antigua and Barbuda,Antigua Island,English Harbour,Nelson's Dockyard,Historic Site,"Colonial Harbour, Museum",Dec–Apr,Yes,"Nelson's Dockyard is a restored 18th-century British naval dockyard and one of the Caribbean's most important heritage sites. It combines maritime history, old stone buildings, restaurants, and scenic harbour views."
Antigua and Barbuda,Antigua Island,English Harbour,Shirley Heights Lookout,Viewpoint,"Mountain, Scenic View",Dec–Apr,No,"Shirley Heights offers one of the most famous panoramic views in the Caribbean, overlooking English Harbour and the surrounding coastline. It is especially popular during sunset and weekend cultural events."
Antigua and Barbuda,Antigua Island,St. Philip,Half Moon Bay,Beach,"Sea, Coastal Landscape",Dec–Apr,No,"Half Moon Bay is a spectacular crescent-shaped beach known for turquoise waters, soft white sand, and natural beauty. It is considered one of Antigua’s finest beaches."
Antigua and Barbuda,Antigua Island,Saint Mary,Darkwood Beach,Beach,"Swimming, Relaxation",Dec–Apr,No,"Darkwood Beach offers calm Caribbean waters, palm-lined shores, and beautiful sunset views. It is ideal for swimming, relaxation, and family visits."
Antigua and Barbuda,Antigua Island,Saint Paul,Falmouth Harbour,Harbour,"Marina, Coast",Dec–Apr,No,"Falmouth Harbour is a scenic marina area popular with sailing visitors. It provides views of luxury yachts, restaurants, and access to nearby attractions."
Antigua and Barbuda,Antigua Island,Saint Paul,Fig Tree Drive,Scenic Drive,"Forest, Countryside",May–Nov,No,"Fig Tree Drive crosses Antigua’s lush interior with tropical vegetation, villages, and countryside scenery. It is one of the island’s most enjoyable road trips."
Antigua and Barbuda,Antigua Island,St. John’s,Fort James,Monument,"Fortress, Coast",Dec–Apr,No,Fort James was built in the 18th century to protect Antigua’s harbour entrance. The ruins provide historical interest and views across the Caribbean Sea.
Antigua and Barbuda,Antigua Island,St. Philip,Devil's Bridge,Natural Wonder,Coastal Rock Formation,Dec–Apr,No,Devil’s Bridge is a natural limestone arch shaped by Atlantic waves over thousands of years. The dramatic coastline and crashing waves make it a popular sightseeing location.
Antigua and Barbuda,Barbuda Island,Codrington,Barbuda Pink Sand Beach,Beach,"Pink Sand, Island",Dec–Apr,No,"Barbuda is famous for its unique pink-coloured sand beaches created from coral fragments. The island offers peaceful surroundings, clear waters, and a remote tropical experience."
Antigua and Barbuda,Barbuda Island,Codrington,Frigate Bird Sanctuary,Wildlife Area,"Bird Sanctuary, Lagoon",Dec–Apr,No,The Frigate Bird Sanctuary is one of the largest colonies of frigate birds in the Western Hemisphere. Visitors can explore the lagoon and observe thousands of seabirds.
Antigua and Barbuda,Barbuda Island,Codrington,Codrington Lagoon National Park,National Park,"Wetlands, Wildlife",Dec–Apr,No,"This protected marine area includes mangroves, coral reefs, and important bird habitats. It is known for biodiversity and eco-tourism activities."
Antigua and Barbuda,Antigua Island,Saint John,Fort Barrington,Monument,"Fortress, Viewpoint",Dec–Apr,No,Fort Barrington sits on a peninsula overlooking the harbour and provides historical ruins along with excellent coastal views.
Antigua and Barbuda,Antigua Island,Saint Mary,Valley Church Beach,Beach,"Sea, Relaxation",Dec–Apr,No,Valley Church Beach is a quiet tropical beach with clear water and soft sand. It is popular among visitors seeking a peaceful Caribbean atmosphere.
,,,,,,,,
Argentina,Buenos Aires Province,Buenos Aires,Buenos Aires City,City Landmark,"Culture, Architecture","Mar–May, Sep–Nov",No,"Argentina’s capital is known for European-style architecture, tango culture, historic neighbourhoods, museums, and vibrant nightlife. Popular areas include La Boca, Recoleta, Palermo, and San Telmo."
Argentina,Buenos Aires Province,Buenos Aires,Recoleta Cemetery,Monument,Historic Cemetery,Year-round,No,"Recoleta Cemetery is a world-famous cemetery featuring elaborate mausoleums, sculptures, and the graves of many important Argentine figures, including Eva Perón."
Argentina,Buenos Aires Province,Buenos Aires,Casa Rosada,Monument,Government Building,Year-round,No,Casa Rosada is Argentina’s iconic pink presidential palace located beside Plaza de Mayo. It is one of the country’s most recognisable historical buildings.
Argentina,Buenos Aires Province,Tigre,Tigre Delta,River,"Wetlands, Islands",Mar–Nov,No,"The Tigre Delta is a unique network of rivers and islands where visitors explore waterways by boat. It offers nature, traditional houses, markets, and peaceful landscapes near Buenos Aires."
Argentina,Misiones Province,Puerto Iguazú,Iguazú Falls,Waterfall,"National Park, River",Mar–Nov,Yes,"Iguazú Falls is one of the world’s largest waterfall systems, consisting of hundreds of cascades surrounded by rainforest. The dramatic Devil’s Throat viewpoint is its most famous attraction."
Argentina,Misiones Province,Puerto Iguazú,Iguazú National Park,National Park,"Forest, Wildlife",Mar–Nov,Yes,"This protected rainforest area preserves exceptional biodiversity including tropical plants, birds, and wildlife. Walking trails and boat rides provide close views of the waterfalls and jungle."
Argentina,Santa Cruz Province,El Calafate,Perito Moreno Glacier,Glacier,"Ice Field, Nature",Oct–Apr,Yes,Perito Moreno is one of the world’s most accessible glaciers and a highlight of Patagonia. Visitors can observe massive ice formations breaking into the turquoise waters of Lake Argentino.
Argentina,Santa Cruz Province,El Chaltén,Mount Fitz Roy,Mountain,"Trekking, Peak",Nov–Mar,No,"Mount Fitz Roy is one of Patagonia’s most iconic peaks, famous for its sharp granite towers and challenging trekking routes. It attracts hikers and photographers from around the world."
Argentina,Santa Cruz Province,El Chaltén,Los Glaciares National Park,National Park,"Mountains, Glaciers",Nov–Mar,Yes,"This vast Patagonian park contains glaciers, lakes, forests, and dramatic mountain landscapes. It is one of South America’s premier wilderness destinations."
Argentina,Tierra del Fuego Province,Ushuaia,Tierra del Fuego National Park,National Park,"Forest, Mountains, Coast",Nov–Mar,No,"Located at the southern tip of Argentina, this park combines forests, lakes, mountains, and Beagle Channel coastline. It is a gateway for Antarctic cruises."
Argentina,Tierra del Fuego Province,Ushuaia,Beagle Channel,Sea,Marine Landscape,Nov–Mar,No,"The Beagle Channel offers boat tours featuring islands, sea lions, penguins, and dramatic views of mountains meeting the ocean."
Argentina,Mendoza Province,Mendoza,Aconcagua Provincial Park,Mountain,"Peak, Trekking",Nov–Mar,No,Aconcagua is the highest mountain outside Asia and a major destination for mountaineers. The surrounding park features spectacular Andean scenery and hiking routes.
Argentina,Mendoza Province,Mendoza,Wine Route of Mendoza,Scenic Route,"Vineyards, Culture",Mar–May,No,"Mendoza is Argentina’s famous wine region, especially known for Malbec. Visitors can explore vineyards, wineries, and scenic landscapes beneath the Andes."
Argentina,Salta Province,Salta,Quebrada de Humahuaca,Valley,"Mountains, Cultural Landscape",Apr–Nov,Yes,"This colourful Andean valley features dramatic rock formations, traditional villages, and ancient cultural routes. The Hill of Seven Colours is one of its most photographed locations."
Argentina,Salta Province,Purmamarca,Hill of Seven Colours,Natural Wonder,"Mountain, Rock Formation",Apr–Nov,No,Cerro de los Siete Colores displays layers of colourful minerals creating a spectacular striped mountain landscape. It is a symbol of northern Argentina’s natural beauty.
Argentina,Jujuy Province,Jujuy,Salinas Grandes,Desert Landscape,Salt Flats,Apr–Nov,No,Salinas Grandes is a vast white salt plain located high in the Andes. Its reflective surface creates stunning scenery and unique photography opportunities.
Argentina,Neuquén Province,Villa La Angostura,Nahuel Huapi National Park,National Park,"Lake, Forest, Mountain",Dec–Mar,No,"One of Argentina’s oldest national parks, Nahuel Huapi features crystal-clear lakes, forests, and Andean peaks. It is popular for hiking, boating, and scenic drives."
Argentina,Río Negro Province,Bariloche,San Carlos de Bariloche,Mountain Town,"Lake, Adventure",Dec–Mar / Jun–Sep,No,"Bariloche is a scenic Patagonian city surrounded by lakes and mountains. It is famous for hiking, skiing, chocolate shops, and the Seven Lakes route."
Argentina,Río Negro Province,Bariloche,Seven Lakes Route,Scenic Drive,"Lakes, Mountains",Dec–Mar,No,This famous road connects beautiful Patagonian lakes surrounded by forests and mountains. It is one of Argentina’s most spectacular road journeys.
Argentina,Chubut Province,Puerto Madryn,Peninsula Valdés,Wildlife Reserve,"Marine Life, Coast",Jun–Dec,Yes,"Peninsula Valdés is a world-renowned wildlife destination where visitors can see whales, sea lions, penguins, and marine birds along the Atlantic coast."
Argentina,Chubut Province,Trelew,Punta Tombo Penguin Reserve,Wildlife Area,Penguin Colony,Sep–Mar,No,Punta Tombo hosts one of the largest Magellanic penguin colonies in the world. Visitors can walk among thousands of penguins in their natural habitat.
Argentina,Córdoba Province,Córdoba,Sierras de Córdoba,Mountain,"Hills, Nature",Mar–Nov,No,"The Sierras de Córdoba offer forests, rivers, waterfalls, and mountain villages. They are popular for hiking, camping, and outdoor activities."
,,,,,,,,
Armenia,Yerevan Province,Yerevan,Yerevan City,City Landmark,"Culture, History",Apr–Oct,No,"Armenia’s capital is one of the world’s oldest continuously inhabited cities. It is known for pink volcanic stone architecture, museums, parks, cafes, and views of Mount Ararat."
Armenia,Yerevan Province,Yerevan,Republic Square,Monument,"Architecture, City Landmark",Year-round,No,"Republic Square is the central landmark of Yerevan, surrounded by government buildings, museums, and fountains. Its distinctive Armenian stone architecture makes it a symbol of the capital."
Armenia,Yerevan Province,Yerevan,Cascade Complex,Monument,"Art, Viewpoint",Year-round,No,"The Cascade is a massive limestone staircase decorated with modern art installations and sculptures. From the top, visitors enjoy panoramic views of Yerevan and Mount Ararat."
Armenia,Kotayk Province,Garni,Garni Temple,Monument,Ancient Temple,Apr–Oct,No,"Garni Temple is the only surviving Greco-Roman colonnaded temple in Armenia. Built in the 1st century, it stands dramatically above the Azat River gorge."
Armenia,Kotayk Province,Garni,Garni Gorge (Symphony of Stones),Natural Wonder,Rock Formation,Apr–Oct,No,The Garni Gorge is famous for its spectacular basalt columns resembling a natural organ. The dramatic canyon landscape is a popular hiking and photography destination.
Armenia,Kotayk Province,Geghard,Geghard Monastery,Religious Site,"Monastery, Cave Architecture",Apr–Oct,Yes,"Geghard Monastery is carved partly into surrounding cliffs and represents medieval Armenian religious architecture. Its stone carvings, chapels, and mountain setting make it one of Armenia’s most important sites."
Armenia,Aragatsotn Province,Mount Aragats,Mount Aragats,Mountain,"Volcano, Hiking",Jun–Sep,No,"Mount Aragats is Armenia’s highest mountain and an extinct volcanic peak. It offers hiking routes, alpine scenery, and spectacular views across the Armenian highlands."
Armenia,Aragatsotn Province,Byurakan,Byurakan Observatory,Science Attraction,Observatory,May–Oct,No,"Located near Mount Aragats, Byurakan Observatory is one of Armenia’s leading astronomical centres. Visitors can explore Armenia’s contributions to astronomy and science."
Armenia,Vayots Dzor Province,Areni,Areni Wine Region,Scenic Region,"Vineyards, Culture",Sep–Oct,No,"Areni is Armenia’s famous wine-producing area with ancient winemaking traditions. The region offers vineyards, wine tasting, caves, and beautiful valley landscapes."
Armenia,Vayots Dzor Province,Yeghegnadzor,Noravank Monastery,Religious Site,"Monastery, Canyon",Apr–Oct,No,Noravank is a medieval monastery surrounded by red sandstone cliffs. Its unique architecture and dramatic canyon setting make it one of Armenia’s most photographed landmarks.
Armenia,Vayots Dzor Province,Jermuk,Jermuk Waterfall,Waterfall,"Nature, Mountains",May–Sep,No,Jermuk is a mountain resort famous for mineral springs and scenic landscapes. The waterfall and surrounding forests make it a popular relaxation destination.
Armenia,Lake Sevan Region,Sevan,Lake Sevan,Lake,Mountain Lake,Jun–Sep,No,"Lake Sevan is one of the largest freshwater high-altitude lakes in the world. Its blue waters, beaches, and surrounding mountains make it Armenia’s top summer destination."
Armenia,Gegharkunik Province,Sevan,Sevanavank Monastery,Religious Site,"Monastery, Lake View",Jun–Sep,No,Sevanavank sits on a peninsula overlooking Lake Sevan. The ancient monastery provides beautiful views of the lake and surrounding mountains.
Armenia,Lori Province,Alaverdi,Haghpat Monastery,Religious Site,Medieval Monastery,Apr–Oct,Yes,"Haghpat Monastery is a masterpiece of medieval Armenian architecture. Built between mountains and valleys, it represents Armenia’s religious and cultural heritage."
Armenia,Lori Province,Alaverdi,Sanahin Monastery,Religious Site,"Monastery, Heritage",Apr–Oct,Yes,Sanahin Monastery was an important medieval centre of learning and theology. Its stone buildings and detailed carvings showcase traditional Armenian craftsmanship.
Armenia,Tavush Province,Dilijan,Dilijan National Park,National Park,"Forest, Mountains",May–Oct,No,"Dilijan National Park is known as the “Armenian Switzerland” because of its forests, lakes, mountains, and peaceful landscapes. It is ideal for hiking and nature activities."
Armenia,Tavush Province,Dilijan,Haghartsin Monastery,Religious Site,Forest Monastery,May–Oct,No,"Hidden inside Dilijan’s forests, Haghartsin Monastery features medieval churches surrounded by peaceful mountain scenery. It is one of Armenia’s most beautiful monastery complexes."
Armenia,Shirak Province,Gyumri,Gyumri Historic Centre,Historic City,"Architecture, Culture",Year-round,No,"Gyumri is Armenia’s second-largest city, famous for traditional architecture, museums, crafts, and cultural festivals. Its old streets preserve Armenian urban heritage."
Armenia,Aragatsotn Province,Oshakan,Mesrop Mashtots Monument,Monument,Cultural Heritage,Year-round,No,"Oshakan is associated with Mesrop Mashtots, creator of the Armenian alphabet. The site is important for Armenian language and cultural identity."
Armenia,Syunik Province,Tatev,Tatev Monastery,Religious Site,"Monastery, Mountain",May–Oct,No,Tatev Monastery is a spectacular medieval complex built on the edge of a deep gorge. The nearby Wings of Tatev cable car provides one of the world’s most scenic rides.
Armenia,Syunik Province,Goris,Khndzoresk Caves,Cave,Rock Settlement,May–Oct,No,"Khndzoresk is an ancient cave village with tunnels, cliffs, and suspension bridges. The unique landscape reflects centuries of human settlement in the Armenian mountains."
,,,,,,,,
Australia,New South Wales,Sydney,Sydney Opera House,Monument,"Architecture, Cultural Landmark",Year-round,Yes,"The Sydney Opera House is Australia’s most iconic architectural landmark, famous for its unique sail-shaped design. It hosts world-class performances and offers spectacular views of Sydney Harbour."
Australia,New South Wales,Sydney,Sydney Harbour Bridge,Monument,"Bridge, Viewpoint",Year-round,No,"Known as the “Coathanger,” this famous bridge offers panoramic views of the harbour and city skyline. Visitors can walk across it or take the BridgeClimb experience."
Australia,New South Wales,Sydney,Bondi Beach,Beach,"Surfing, Coastal",Sep–Apr,No,"Bondi Beach is one of Australia’s most famous beaches, known for golden sand, surfing culture, coastal walks, and vibrant seaside atmosphere."
Australia,New South Wales,Sydney,Blue Mountains National Park,National Park,"Mountains, Forest, Waterfalls","Mar–May, Sep–Nov",Yes,"The Blue Mountains feature dramatic cliffs, eucalyptus forests, waterfalls, and deep valleys. Popular attractions include the Three Sisters rock formation and scenic hiking trails."
Australia,New South Wales,Port Stephens,Port Stephens,Sea,"Beaches, Marine Wildlife",Sep–May,No,"Port Stephens is famous for beautiful beaches, dolphin cruises, sand dunes, and coastal landscapes. It is one of New South Wales’ top marine destinations."
Australia,Victoria,Melbourne,Melbourne City,City Landmark,"Culture, Arts",Year-round,No,"Melbourne is known for laneways, street art, museums, gardens, food culture, and sporting events. It is considered Australia’s cultural capital."
Australia,Victoria,Great Ocean Road,Twelve Apostles,Natural Wonder,"Sea Cliffs, Coast",Dec–Apr,No,The Twelve Apostles are dramatic limestone stacks rising from the Southern Ocean. They are one of Australia’s most photographed coastal landscapes.
Australia,Victoria,Grampians Region,Grampians National Park,National Park,"Mountains, Forest, Wildlife",Mar–Nov,No,"The Grampians feature sandstone mountains, waterfalls, Aboriginal rock art, and diverse wildlife. It is a major destination for hiking and outdoor adventures."
Australia,Queensland,Cairns,Great Barrier Reef,Marine Park,"Coral Reef, Sea",May–Oct,Yes,"The Great Barrier Reef is the world’s largest coral reef ecosystem, famous for colourful marine life, diving, snorkelling, and tropical islands."
Australia,Queensland,Cairns,Daintree Rainforest,Forest,Tropical Rainforest,May–Oct,Yes,"The Daintree is one of the oldest rainforests on Earth, containing rare plants, wildlife, rivers, and mountains. It is one of the best places to experience Australia’s tropical wilderness."
Australia,Queensland,Whitsunday Islands,Whitehaven Beach,Beach,"Island, Sea",May–Oct,No,Whitehaven Beach is famous for its pure white silica sand and crystal-clear turquoise water. It is considered one of the world’s most beautiful beaches.
Australia,Queensland,Gold Coast,Surfers Paradise,Beach,"Surfing, Entertainment",Sep–Apr,No,"Surfers Paradise is a famous coastal destination known for skyscrapers, golden beaches, surfing, shopping, and nightlife."
Australia,Queensland,Fraser Island (K’gari),K’gari National Park,Island,"Beach, Forest, Lake",May–Oct,Yes,"K’gari is the world’s largest sand island, featuring rainforests, freshwater lakes, sand dunes, and unique wildlife. It is a major eco-tourism destination."
Australia,Northern Territory,Uluru-Kata Tjuta National Park,Uluru (Ayers Rock),Monument,"Rock Formation, Cultural Site",May–Sep,Yes,Uluru is Australia’s most famous natural landmark and a sacred site for Indigenous Australians. The massive red sandstone monolith changes colour dramatically throughout the day.
Australia,Northern Territory,Uluru,Kata Tjuta (The Olgas),Mountain,"Rock Domes, Desert",May–Sep,Yes,Kata Tjuta consists of 36 giant sandstone domes rising from the desert landscape. Hiking trails provide spectacular views and cultural experiences.
Australia,Northern Territory,Darwin,Kakadu National Park,National Park,"Wetlands, Wildlife, Aboriginal Heritage",May–Sep,Yes,"Kakadu is Australia’s largest national park, featuring wetlands, waterfalls, wildlife, and thousands of years of Aboriginal cultural heritage."
Australia,Western Australia,Perth,Rottnest Island,Island,"Beach, Wildlife",Sep–Apr,No,"Rottnest Island is famous for pristine beaches, cycling trails, and quokkas, friendly native marsupials found only in Western Australia."
Australia,Western Australia,Esperance,Lucky Bay,Beach,"White Sand, Wildlife",Nov–Apr,No,"Lucky Bay is known for its incredibly white sand, turquoise water, and kangaroos resting on the beach. It is one of Australia’s most scenic coastal locations."
Australia,Western Australia,Kimberley,Bungle Bungle Range,Natural Wonder,"Rock Formation, Desert",May–Sep,Yes,"The Bungle Bungle Range features unique orange-and-black striped sandstone domes. Located in Purnululu National Park, it is one of Australia’s most spectacular geological wonders."
Australia,Tasmania,Hobart,Port Arthur Historic Site,Historic Site,Convict Heritage,Year-round,Yes,"Port Arthur is a preserved former convict settlement that tells the story of Australia’s colonial history. It contains historic buildings, ruins, and museums."
Australia,Tasmania,Cradle Mountain,Cradle Mountain-Lake St Clair National Park,National Park,"Mountain, Lake, Forest",Dec–Mar,Yes,"This wilderness area features alpine mountains, ancient forests, and beautiful lakes. It is one of Australia’s premier hiking destinations."
Australia,South Australia,Adelaide,Kangaroo Island,Island,"Wildlife, Coast",Sep–Apr,No,"Kangaroo Island offers dramatic coastlines, beaches, forests, and abundant wildlife including kangaroos, seals, and koalas."
Australia,South Australia,Flinders Ranges,Wilpena Pound,Mountain,"Valley, Outback",Mar–Oct,No,"Wilpena Pound is a massive natural amphitheatre surrounded by ancient mountains. It offers hiking, scenic flights, and views of Australia’s outback landscape."
Australia,Australian Capital Territory,Canberra,Australian War Memorial,Monument,"Museum, Heritage",Year-round,No,"The Australian War Memorial combines museum galleries, memorial spaces, and historical collections documenting Australia’s military history."
Australia,Australian Capital Territory,Canberra,Parliament House,Monument,Government Building,Year-round,No,Australia’s Parliament House is an impressive modern architectural landmark built into Capital Hill. Visitors can explore its public areas and exhibitions.
,,,,,,,,
Austria,Vienna,Vienna,Schönbrunn Palace,Monument,"Palace, Royal Heritage",Apr–Oct,Yes,"Schönbrunn Palace is Austria’s most famous imperial residence and former summer home of the Habsburg rulers. Its grand rooms, gardens, fountains, and Gloriette viewpoint make it one of Europe’s finest cultural attractions."
Austria,Vienna,Vienna,Historic Centre of Vienna,Historic City,"Architecture, Culture",Year-round,Yes,"Vienna’s historic centre features imperial palaces, Gothic churches, museums, and elegant streets shaped by centuries of European history. It is a major destination for art, music, and architecture lovers."
Austria,Vienna,Vienna,St. Stephen’s Cathedral,Monument,Gothic Cathedral,Year-round,No,"St. Stephen’s Cathedral is Vienna’s most recognisable landmark, known for its colourful tiled roof, Gothic towers, and historic interiors. Visitors can climb the tower for city views."
Austria,Vienna,Vienna,Belvedere Palace,Monument,"Palace, Art Museum",Year-round,No,"The Belvedere is a magnificent Baroque palace complex housing important Austrian artworks, including Gustav Klimt’s famous painting “The Kiss.” Its gardens provide beautiful city views."
Austria,Vienna,Vienna,Prater Park & Giant Ferris Wheel,Park,"Entertainment, Viewpoint",Mar–Oct,No,"Vienna’s Prater is a historic amusement park famous for its giant Ferris wheel. It combines recreation, green spaces, and panoramic views of the city."
Austria,Salzburg,Salzburg,Historic Centre of Salzburg,Historic City,"Culture, Architecture",Apr–Oct,Yes,"Salzburg is the birthplace of Mozart and one of Europe’s most beautiful historic cities. Its baroque buildings, churches, and Alpine surroundings attract millions of visitors."
Austria,Salzburg,Salzburg,Hohensalzburg Fortress,Monument,"Castle, Viewpoint",Apr–Oct,No,"Built on a hill above Salzburg, this medieval fortress is one of Europe’s best-preserved castles. It offers spectacular views of the city and surrounding Alps."
Austria,Salzburg,Salzburg,Mirabell Palace and Gardens,Garden,"Palace, Park",Apr–Oct,No,"Mirabell Gardens are famous for their geometric flower beds, fountains, statues, and views toward Hohensalzburg Fortress. The palace is an important Baroque landmark."
Austria,Tyrol,Innsbruck,Innsbruck Old Town,Historic City,Alpine Architecture,Year-round,No,"Innsbruck’s old town combines medieval streets, colourful buildings, and mountain scenery. It is one of Austria’s best destinations for culture and outdoor activities."
Austria,Tyrol,Innsbruck,Nordkette Mountain Range,Mountain,"Cable Car, Hiking",Jun–Sep / Dec–Mar,No,"Nordkette rises directly above Innsbruck and offers hiking, skiing, and breathtaking views of the Alps. The cable car provides quick access to high mountain landscapes."
Austria,Tyrol,Hallstatt,Hallstatt Village,Historic Village,"Lake, Mountains",Apr–Oct,Yes,"Hallstatt is a picturesque lakeside village surrounded by mountains and known for its traditional houses, salt history, and stunning scenery. It is one of Austria’s most photographed places."
Austria,Upper Austria,Salzkammergut,Lake Wolfgang (Wolfgangsee),Lake,Mountain Lake,May–Sep,No,"Lake Wolfgang is a beautiful Alpine lake surrounded by villages, forests, and mountains. It is popular for boating, hiking, and scenic relaxation."
Austria,Upper Austria,Salzkammergut,Dachstein Ice Cave,Cave,"Glacier Cave, Mountain",May–Oct,No,"Located in the Dachstein mountains, this ice cave features frozen formations, tunnels, and spectacular underground landscapes. It is one of Austria’s most unique natural attractions."
Austria,Styria,Graz,Graz Historic Centre,Historic City,"Architecture, Culture",Year-round,Yes,"Graz combines medieval architecture with modern cultural attractions. Its old town, museums, and famous Schlossberg hill make it Austria’s second-largest cultural centre."
Austria,Styria,Graz,Schlossberg Hill,Mountain,"Viewpoint, Fortress",Year-round,No,"Schlossberg is a hill in the centre of Graz featuring a historic clock tower, gardens, and panoramic views over the city."
Austria,Carinthia,Heiligenblut,Grossglockner High Alpine Road,Scenic Drive,Mountain Road,May–Oct,No,"This spectacular mountain road crosses the Austrian Alps with views of glaciers, valleys, and Austria’s highest peak, Grossglockner. It is one of Europe’s most scenic drives."
Austria,Carinthia,Hohe Tauern,Hohe Tauern National Park,National Park,"Mountains, Glacier, Wildlife",,,
,,,,,,,,
Azerbaijan,Baku,Baku,Baku Old City (Icherisheher),Historic City,"Fortress, Architecture","Apr–Jun, Sep–Oct",Yes,"Icherisheher is the ancient heart of Baku, surrounded by historic walls and filled with medieval streets, mosques, palaces, and traditional buildings. It represents Azerbaijan’s rich cultural heritage."
Azerbaijan,Baku,Baku,Maiden Tower,Monument,Historic Tower,Apr–Oct,Yes,"The Maiden Tower is one of Azerbaijan’s most iconic landmarks, dating back centuries with mysterious origins. Its rooftop offers panoramic views of Baku and the Caspian Sea."
Azerbaijan,Baku,Baku,Palace of the Shirvanshahs,Monument,"Palace, Museum",Apr–Oct,Yes,"This 15th-century royal complex was the residence of the Shirvanshah rulers. It includes a palace, mosque, tombs, and architectural details reflecting medieval Azerbaijani culture."
Azerbaijan,Baku,Baku,Flame Towers,Monument,Modern Architecture,Year-round,No,"The Flame Towers are Baku’s most recognisable modern structures, inspired by Azerbaijan’s ancient fire symbolism. Their illuminated displays dominate the city skyline at night."
Azerbaijan,Baku,Baku,Heydar Aliyev Centre,Monument,Modern Architecture,Year-round,No,"Designed by architect Zaha Hadid, the Heydar Aliyev Centre is famous for its flowing curved design. It hosts exhibitions, cultural events, and art displays."
Azerbaijan,Baku,Absheron Peninsula,Yanar Dag (Burning Mountain),Natural Wonder,"Fire, Geological Site",Year-round,No,Yanar Dag is a natural gas fire that has burned continuously on a hillside for decades. It reflects Azerbaijan’s historic connection with fire and is known as the “Land of Fire.”
Azerbaijan,Baku,Surakhani,Ateshgah Fire Temple,Monument,Religious Heritage,Apr–Oct,No,Ateshgah is an ancient fire temple associated with Zoroastrian and Hindu traditions. The restored complex provides insight into Azerbaijan’s historical religious connections.
Azerbaijan,Gobustan District,Gobustan,Gobustan Rock Art Cultural Landscape,Archaeological Site,"Petroglyphs, Mud Volcanoes",Apr–Oct,Yes,"Gobustan contains thousands of ancient rock carvings showing prehistoric human life, hunting scenes, and rituals. The area also features unique mud volcano landscapes."
Azerbaijan,Gobustan District,Gobustan,Gobustan Mud Volcanoes,Natural Wonder,"Volcano, Geological",Apr–Oct,No,Azerbaijan has one of the world’s highest concentrations of mud volcanoes. These unusual formations create a strange and fascinating landscape near the Caspian coast.
Azerbaijan,Absheron Peninsula,Mardakan,Mardakan Castle,Monument,Fortress,Apr–Oct,No,Mardakan Castle is a medieval defensive structure built during the Shirvanshah period. Its towers and walls reflect Azerbaijan’s historic military architecture.
Azerbaijan,Quba District,Quba,Qechresh Forest,Forest,"Nature, Recreation",May–Sep,No,"Qechresh Forest is a scenic woodland area near Quba known for rivers, fresh air, and mountain landscapes. It is popular for picnics and nature escapes."
Azerbaijan,Quba District,Khinaliq,Khinaliq Village,Mountain Village,"Culture, Mountains",May–Sep,No,"Khinaliq is one of the highest and most remote villages in the Caucasus. It is famous for traditional stone houses, unique culture, and dramatic mountain scenery."
Azerbaijan,Quba District,Khinaliq,Shahdag National Park,National Park,"Mountains, Wildlife",May–Oct,No,"Shahdag National Park protects alpine ecosystems, forests, and wildlife habitats. It offers hiking, mountain activities, and spectacular views of the Greater Caucasus."
Azerbaijan,Qusar District,Qusar,Shahdag Mountain Resort,Mountain,"Ski Resort, Adventure",Dec–Mar / Jun–Sep,No,"Shahdag is Azerbaijan’s premier mountain resort offering skiing, cable cars, hiking, and adventure activities. The surrounding Caucasus scenery attracts visitors throughout the year."
Azerbaijan,Gabala District,Gabala,Tufandag Mountain Resort,Mountain,"Ski Resort, Cable Car",Dec–Mar / Jun–Sep,No,Tufandag provides year-round mountain recreation with skiing in winter and hiking during summer. Cable cars offer views over forests and valleys.
Azerbaijan,Gabala District,Gabala,Nohur Lake,Lake,Mountain Lake,May–Oct,No,"Nohur Lake is surrounded by forests and mountains, creating a peaceful natural setting. It is popular for boating, photography, and relaxation."
Azerbaijan,Sheki District,Sheki,Historic Centre of Sheki,Historic City,"Architecture, Culture",Apr–Oct,Yes,"Sheki is famous for traditional architecture, silk heritage, and mountain scenery. Its historic buildings reflect the importance of the Silk Road in Azerbaijan."
Azerbaijan,Sheki District,Sheki,Palace of Sheki Khans,Monument,Palace,Apr–Oct,Yes,"This 18th-century palace is famous for colourful stained glass windows, detailed paintings, and traditional Azerbaijani craftsmanship. It is one of the country’s finest architectural treasures."
Azerbaijan,Shamakhi District,Shamakhi,Yeddi Gumbaz Mausoleum,Monument,Historic Tomb,Apr–Oct,No,The Yeddi Gumbaz Mausoleum is a historic burial complex connected with the Shirvan region. It showcases traditional Islamic architecture and stone craftsmanship.
Azerbaijan,Lankaran District,Lankaran,Hirkan National Park,National Park,"Forest, Wildlife",Apr–Oct,Yes,Hirkan National Park protects ancient subtropical forests with rare plant and animal species. It is one of Azerbaijan’s most important biodiversity areas.
Azerbaijan,Lankaran District,Lankaran,Caspian Sea Coast,Sea,"Beach, Coastal Landscape",Jun–Sep,No,"Azerbaijan’s Caspian coastline offers beaches, resorts, and seaside recreation. Popular coastal areas provide opportunities for swimming and relaxation."
Azerbaijan,Nakhchivan Autonomous Republic,Nakhchivan,Alinja Castle,Monument,"Fortress, Mountain",May–Oct,No,Alinja Castle sits dramatically on a mountain peak and is often compared to the “Machu Picchu of Azerbaijan.” Its ruins provide stunning views over the surrounding landscape.
Azerbaijan,Nakhchivan Autonomous Republic,Nakhchivan,Duzdag Salt Cave,Cave,"Health Tourism, Natural Site",Year-round,No,Duzdag Salt Cave is famous for salt therapy and underground chambers. It combines natural formations with wellness tourism experiences.